{
  "Post Books" : {
    "transaction" : "Post Books",
    "sampleCount" : 60,
    "errorCount" : 0,
    "errorPct" : 0.0,
    "meanResTime" : 1154.4500000000003,
    "medianResTime" : 853.5,
    "minResTime" : 208.0,
    "maxResTime" : 4755.0,
    "pct1ResTime" : 3006.2,
    "pct2ResTime" : 3141.65,
    "pct3ResTime" : 4755.0,
    "throughput" : 0.021367879020767085,
    "receivedKBytesPerSec" : 0.008409428950555796,
    "sentKBytesPerSec" : 0.007578919590178325
  },
  "Delete Books" : {
    "transaction" : "Delete Books",
    "sampleCount" : 30,
    "errorCount" : 0,
    "errorPct" : 0.0,
    "meanResTime" : 939.2999999999998,
    "medianResTime" : 623.0,
    "minResTime" : 213.0,
    "maxResTime" : 5460.0,
    "pct1ResTime" : 1297.5,
    "pct2ResTime" : 4975.999999999999,
    "pct3ResTime" : 5460.0,
    "throughput" : 0.31849500493667254,
    "receivedKBytesPerSec" : 1.165534129393904,
    "sentKBytesPerSec" : 0.06033987398214305
  },
  "Delete User" : {
    "transaction" : "Delete User",
    "sampleCount" : 30,
    "errorCount" : 0,
    "errorPct" : 0.0,
    "meanResTime" : 1241.266666666667,
    "medianResTime" : 1181.5,
    "minResTime" : 446.0,
    "maxResTime" : 2744.0,
    "pct1ResTime" : 2013.2000000000003,
    "pct2ResTime" : 2486.5999999999995,
    "pct3ResTime" : 2744.0,
    "throughput" : 0.23793283949050648,
    "receivedKBytesPerSec" : 0.049027176887203976,
    "sentKBytesPerSec" : 0.050266410426217024
  },
  "Get User by Id" : {
    "transaction" : "Get User by Id",
    "sampleCount" : 30,
    "errorCount" : 0,
    "errorPct" : 0.0,
    "meanResTime" : 588.1,
    "medianResTime" : 496.5,
    "minResTime" : 216.0,
    "maxResTime" : 1216.0,
    "pct1ResTime" : 1018.9000000000001,
    "pct2ResTime" : 1192.35,
    "pct3ResTime" : 1216.0,
    "throughput" : 0.2385856641827248,
    "receivedKBytesPerSec" : 0.10787613527011873,
    "sentKBytesPerSec" : 0.04527846426384393
  },
  "Get Users by Id" : {
    "transaction" : "Get Users by Id",
    "sampleCount" : 30,
    "errorCount" : 0,
    "errorPct" : 0.0,
    "meanResTime" : 985.3666666666668,
    "medianResTime" : 851.0,
    "minResTime" : 303.0,
    "maxResTime" : 3423.0,
    "pct1ResTime" : 2365.0000000000023,
    "pct2ResTime" : 2942.8499999999995,
    "pct3ResTime" : 3423.0,
    "throughput" : 0.4417026163518309,
    "receivedKBytesPerSec" : 0.19928379761186119,
    "sentKBytesPerSec" : 0.08368194098853046
  },
  "Put User" : {
    "transaction" : "Put User",
    "sampleCount" : 30,
    "errorCount" : 0,
    "errorPct" : 0.0,
    "meanResTime" : 1060.1333333333337,
    "medianResTime" : 935.0,
    "minResTime" : 307.0,
    "maxResTime" : 2686.0,
    "pct1ResTime" : 2224.9000000000005,
    "pct2ResTime" : 2589.2,
    "pct3ResTime" : 2686.0,
    "throughput" : 0.43649061545176776,
    "receivedKBytesPerSec" : 0.17178292776080314,
    "sentKBytesPerSec" : 0.11909714644260147
  },
  "Put Books" : {
    "transaction" : "Put Books",
    "sampleCount" : 30,
    "errorCount" : 0,
    "errorPct" : 0.0,
    "meanResTime" : 653.9,
    "medianResTime" : 532.5,
    "minResTime" : 203.0,
    "maxResTime" : 2387.0,
    "pct1ResTime" : 1172.5000000000002,
    "pct2ResTime" : 1735.249999999999,
    "pct3ResTime" : 2387.0,
    "throughput" : 0.3225667713216636,
    "receivedKBytesPerSec" : 0.12694766488538126,
    "sentKBytesPerSec" : 0.11472540831577135
  },
  "Put books" : {
    "transaction" : "Put books",
    "sampleCount" : 30,
    "errorCount" : 0,
    "errorPct" : 0.0,
    "meanResTime" : 750.0666666666665,
    "medianResTime" : 519.5,
    "minResTime" : 214.0,
    "maxResTime" : 4118.0,
    "pct1ResTime" : 1119.7000000000003,
    "pct2ResTime" : 3058.699999999999,
    "pct3ResTime" : 4118.0,
    "throughput" : 0.23766517729822226,
    "receivedKBytesPerSec" : 0.09353424458123397,
    "sentKBytesPerSec" : 0.08414213763982635
  },
  "Put Users" : {
    "transaction" : "Put Users",
    "sampleCount" : 30,
    "errorCount" : 0,
    "errorPct" : 0.0,
    "meanResTime" : 549.4333333333332,
    "medianResTime" : 426.5,
    "minResTime" : 207.0,
    "maxResTime" : 1189.0,
    "pct1ResTime" : 1013.0000000000001,
    "pct2ResTime" : 1182.4,
    "pct3ResTime" : 1189.0,
    "throughput" : 0.23897908136441123,
    "receivedKBytesPerSec" : 0.09405133768540794,
    "sentKBytesPerSec" : 0.06528360842480921
  },
  "Get Book by ID" : {
    "transaction" : "Get Book by ID",
    "sampleCount" : 30,
    "errorCount" : 0,
    "errorPct" : 0.0,
    "meanResTime" : 2589.4000000000005,
    "medianResTime" : 2126.5,
    "minResTime" : 318.0,
    "maxResTime" : 9995.0,
    "pct1ResTime" : 5577.300000000001,
    "pct2ResTime" : 9078.15,
    "pct3ResTime" : 9995.0,
    "throughput" : 0.23651471909935196,
    "receivedKBytesPerSec" : 0.9422709453493322,
    "sentKBytesPerSec" : 0.04488544311032623
  },
  "Get Books by ID" : {
    "transaction" : "Get Books by ID",
    "sampleCount" : 30,
    "errorCount" : 0,
    "errorPct" : 0.0,
    "meanResTime" : 860.1333333333333,
    "medianResTime" : 641.5,
    "minResTime" : 217.0,
    "maxResTime" : 4721.0,
    "pct1ResTime" : 1410.7000000000005,
    "pct2ResTime" : 3789.299999999999,
    "pct3ResTime" : 4721.0,
    "throughput" : 0.3196215680634129,
    "receivedKBytesPerSec" : 1.2084650107605928,
    "sentKBytesPerSec" : 0.06055330488701377
  },
  "Post Users" : {
    "transaction" : "Post Users",
    "sampleCount" : 60,
    "errorCount" : 0,
    "errorPct" : 0.0,
    "meanResTime" : 870.2000000000002,
    "medianResTime" : 612.0,
    "minResTime" : 217.0,
    "maxResTime" : 2916.0,
    "pct1ResTime" : 2284.0999999999995,
    "pct2ResTime" : 2724.8999999999996,
    "pct3ResTime" : 2916.0,
    "throughput" : 0.021733193178385325,
    "receivedKBytesPerSec" : 0.008553200049696568,
    "sentKBytesPerSec" : 0.00590871189537351
  },
  "Delete Users" : {
    "transaction" : "Delete Users",
    "sampleCount" : 30,
    "errorCount" : 0,
    "errorPct" : 0.0,
    "meanResTime" : 869.6333333333333,
    "medianResTime" : 838.0,
    "minResTime" : 269.0,
    "maxResTime" : 2783.0,
    "pct1ResTime" : 1215.0000000000002,
    "pct2ResTime" : 2625.7,
    "pct3ResTime" : 2783.0,
    "throughput" : 0.462934386766249,
    "receivedKBytesPerSec" : 0.09538980039812357,
    "sentKBytesPerSec" : 0.09765022220850564
  },
  "Delete book" : {
    "transaction" : "Delete book",
    "sampleCount" : 30,
    "errorCount" : 0,
    "errorPct" : 0.0,
    "meanResTime" : 865.6666666666665,
    "medianResTime" : 570.0,
    "minResTime" : 203.0,
    "maxResTime" : 4075.0,
    "pct1ResTime" : 2000.1000000000001,
    "pct2ResTime" : 3050.8999999999987,
    "pct3ResTime" : 4075.0,
    "throughput" : 0.2373661848133115,
    "receivedKBytesPerSec" : 0.04891041503477415,
    "sentKBytesPerSec" : 0.050146697247343476
  },
  "Get Books" : {
    "transaction" : "Get Books",
    "sampleCount" : 30,
    "errorCount" : 0,
    "errorPct" : 0.0,
    "meanResTime" : 60695.06666666666,
    "medianResTime" : 70281.5,
    "minResTime" : 4401.0,
    "maxResTime" : 94081.0,
    "pct1ResTime" : 82743.90000000001,
    "pct2ResTime" : 88169.59999999999,
    "pct3ResTime" : 94081.0,
    "throughput" : 0.2289621907102407,
    "receivedKBytesPerSec" : 206.01684762232304,
    "sentKBytesPerSec" : 0.04293041075817013
  },
  "Total" : {
    "transaction" : "Total",
    "sampleCount" : 600,
    "errorCount" : 0,
    "errorPct" : 0.0,
    "meanResTime" : 6394.974999999996,
    "medianResTime" : 852.0,
    "minResTime" : 203.0,
    "maxResTime" : 94081.0,
    "pct1ResTime" : 10831.999999999978,
    "pct2ResTime" : 56718.299999999974,
    "pct3ResTime" : 77753.51000000001,
    "throughput" : 0.2132129485645083,
    "receivedKBytesPerSec" : 19.355253191153757,
    "sentKBytesPerSec" : 0.05160003214185199
  },
  "Get books" : {
    "transaction" : "Get books",
    "sampleCount" : 30,
    "errorCount" : 0,
    "errorPct" : 0.0,
    "meanResTime" : 45961.166666666664,
    "medianResTime" : 48637.5,
    "minResTime" : 14199.0,