{
  "Delete Users" : {
    "transaction" : "Delete Users",
    "sampleCount" : 30,
    "errorCount" : 0,
    "errorPct" : 0.0,
    "meanResTime" : 220.26666666666668,
    "medianResTime" : 203.5,
    "minResTime" : 137.0,
    "maxResTime" : 438.0,
    "pct1ResTime" : 398.3000000000002,
    "pct2ResTime" : 422.04999999999995,
    "pct3ResTime" : 438.0,
    "throughput" : 0.5522014430864379,
    "receivedKBytesPerSec" : 0.1674939142799293,
    "sentKBytesPerSec" : 0.08315377199602414
  },
  "Total" : {
    "transaction" : "Total",
    "sampleCount" : 90,
    "errorCount" : 0,
    "errorPct" : 0.0,
    "meanResTime" : 553.6111111111115,
    "medianResTime" : 221.5,
    "minResTime" : 136.0,
    "maxResTime" : 4810.0,
    "pct1ResTime" : 1124.0000000000002,
    "pct2ResTime" : 1630.7000000000003,
    "pct3ResTime" : 4810.0,
    "throughput" : 1.5158405335758678,
    "receivedKBytesPerSec" : 0.6933786190692739,
    "sentKBytesPerSec" : 0.22717870496690415
  },
  "Get User by ID" : {
    "transaction" : "Get User by ID",
    "sampleCount" : 30,
    "errorCount" : 0,
    "errorPct" : 0.0,
    "meanResTime" : 235.79999999999998,
    "medianResTime" : 204.0,
    "minResTime" : 136.0,
    "maxResTime" : 512.0,
    "pct1ResTime" : 436.00000000000006,
    "pct2ResTime" : 497.15,
    "pct3ResTime" : 512.0,
    "throughput" : 0.551795173631548,
    "receivedKBytesPerSec" : 0.1673706845019129,
    "sentKBytesPerSec" : 0.08309259352928193
  },
  "Get Users" : {
    "transaction" : "Get Users",
    "sampleCount" : 30,
    "errorCount" : 0,
    "errorPct" : 0.0,
    "meanResTime" : 1204.7666666666669,
    "medianResTime" : 972.5,
    "minResTime" : 653.0,
    "maxResTime" : 4810.0,
    "pct1ResTime" : 1745.7,
    "pct2ResTime" : 3699.5499999999984,
    "pct3ResTime" : 4810.0,
    "throughput" : 0.5086038823429686,
    "receivedKBytesPerSec" : 0.3893998474188353,
    "sentKBytesPerSec" : 0.07549588878528439
  }
}