{
  "Delete Users" : {
    "transaction" : "Delete Users",
    "sampleCount" : 30,
    "errorCount" : 0,
    "errorPct" : 0.0,
    "meanResTime" : 191.9333333333333,
    "medianResTime" : 175.0,
    "minResTime" : 128.0,
    "maxResTime" : 436.0,
    "pct1ResTime" : 298.3,
    "pct2ResTime" : 362.8499999999999,
    "pct3ResTime" : 436.0,
    "throughput" : 0.5129608097941317,
    "receivedKBytesPerSec" : 0.1555914331270091,
    "sentKBytesPerSec" : 0.0772446844436085
  },
  "Total" : {
    "transaction" : "Total",
    "sampleCount" : 90,
    "errorCount" : 0,
    "errorPct" : 0.0,
    "meanResTime" : 418.5222222222224,
    "medianResTime" : 207.5,
    "minResTime" : 128.0,
    "maxResTime" : 2006.0,
    "pct1ResTime" : 921.9000000000003,
    "pct2ResTime" : 1186.7,
    "pct3ResTime" : 2006.0,
    "throughput" : 1.5123254524373646,
    "receivedKBytesPerSec" : 0.6917707440641225,
    "sentKBytesPerSec" : 0.22665190048898523
  },
  "Get User by ID" : {
    "transaction" : "Get User by ID",
    "sampleCount" : 30,
    "errorCount" : 0,
    "errorPct" : 0.0,
    "meanResTime" : 185.4333333333333,
    "medianResTime" : 174.0,
    "minResTime" : 129.0,
    "maxResTime" : 392.0,
    "pct1ResTime" : 236.4,
    "pct2ResTime" : 346.8999999999999,
    "pct3ResTime" : 392.0,
    "throughput" : 0.5138658125074939,
    "receivedKBytesPerSec" : 0.15586593883283945,
    "sentKBytesPerSec" : 0.07738096512564019
  },
  "Get Users" : {
    "transaction" : "Get Users",
    "sampleCount" : 30,
    "errorCount" : 0,
    "errorPct" : 0.0,
    "meanResTime" : 878.1999999999999,
    "medianResTime" : 828.5,
    "minResTime" : 531.0,
    "maxResTime" : 2006.0,
    "pct1ResTime" : 1223.5,
    "pct2ResTime" : 1596.7999999999995,
    "pct3ResTime" : 2006.0,
    "throughput" : 0.5080096183154401,
    "receivedKBytesPerSec" : 0.3889448640227588,
    "sentKBytesPerSec" : 0.07540767771869814
  }
}