{
  "Delete Users" : {
    "transaction" : "Delete Users",
    "sampleCount" : 30,
    "errorCount" : 0,
    "errorPct" : 0.0,
    "meanResTime" : 107.26666666666665,
    "medianResTime" : 103.0,
    "minResTime" : 100.0,
    "maxResTime" : 152.0,
    "pct1ResTime" : 121.60000000000001,
    "pct2ResTime" : 138.24999999999997,
    "pct3ResTime" : 152.0,
    "throughput" : 0.5209780494581828,
    "receivedKBytesPerSec" : 0.15802322476729647,
    "sentKBytesPerSec" : 0.07845196799458182
  },
  "Total" : {
    "transaction" : "Total",
    "sampleCount" : 90,
    "errorCount" : 0,
    "errorPct" : 0.0,
    "meanResTime" : 220.31111111111113,
    "medianResTime" : 107.0,
    "minResTime" : 100.0,
    "maxResTime" : 837.0,
    "pct1ResTime" : 440.6,
    "pct2ResTime" : 460.75000000000006,
    "pct3ResTime" : 837.0,
    "throughput" : 1.537751806858373,
    "receivedKBytesPerSec" : 0.7034013147777949,
    "sentKBytesPerSec" : 0.2304625429289046
  },
  "Get User by ID" : {
    "transaction" : "Get User by ID",
    "sampleCount" : 30,
    "errorCount" : 0,
    "errorPct" : 0.0,
    "meanResTime" : 105.2,
    "medianResTime" : 103.0,
    "minResTime" : 101.0,
    "maxResTime" : 131.0,
    "pct1ResTime" : 111.7,
    "pct2ResTime" : 122.19999999999999,
    "pct3ResTime" : 131.0,
    "throughput" : 0.5213945566408287,
    "receivedKBytesPerSec" : 0.1581495598560951,
    "sentKBytesPerSec" : 0.07851468811915605
  },
  "Get Users" : {
    "transaction" : "Get Users",
    "sampleCount" : 30,
    "errorCount" : 0,
    "errorPct" : 0.0,
    "meanResTime" : 448.4666666666667,
    "medianResTime" : 432.0,
    "minResTime" : 410.0,
    "maxResTime" : 837.0,
    "pct1ResTime" : 478.90000000000003,
    "pct2ResTime" : 642.8499999999997,
    "pct3ResTime" : 837.0,
    "throughput" : 0.5144650421003892,
    "receivedKBytesPerSec" : 0.39388729785811055,
    "sentKBytesPerSec" : 0.07636590468677654
  }
}