{
  "Delete Users" : {
    "transaction" : "Delete Users",
    "sampleCount" : 30,
    "errorCount" : 0,
    "errorPct" : 0.0,
    "meanResTime" : 181.4333333333333,
    "medianResTime" : 195.5,
    "minResTime" : 129.0,
    "maxResTime" : 307.0,
    "pct1ResTime" : 219.40000000000003,
    "pct2ResTime" : 272.9,
    "pct3ResTime" : 307.0,
    "throughput" : 0.5178127589063795,
    "receivedKBytesPerSec" : 0.15706312784797016,
    "sentKBytesPerSec" : 0.07797531974937863
  },
  "Total" : {
    "transaction" : "Total",
    "sampleCount" : 90,
    "errorCount" : 0,
    "errorPct" : 0.0,
    "meanResTime" : 379.51111111111106,
    "medianResTime" : 205.0,
    "minResTime" : 129.0,
    "maxResTime" : 1074.0,
    "pct1ResTime" : 844.5,
    "pct2ResTime" : 896.3000000000001,
    "pct3ResTime" : 1074.0,
    "throughput" : 1.5258633843649867,
    "receivedKBytesPerSec" : 0.6979632902700779,
    "sentKBytesPerSec" : 0.22868082752657545
  },
  "Get User by ID" : {
    "transaction" : "Get User by ID",
    "sampleCount" : 30,
    "errorCount" : 0,
    "errorPct" : 0.0,
    "meanResTime" : 174.16666666666663,
    "medianResTime" : 174.0,
    "minResTime" : 129.0,
    "maxResTime" : 276.0,
    "pct1ResTime" : 220.20000000000002,
    "pct2ResTime" : 246.29999999999995,
    "pct3ResTime" : 276.0,
    "throughput" : 0.5179647438664341,
    "receivedKBytesPerSec" : 0.1571092279735493,
    "sentKBytesPerSec" : 0.07799820654707437
  },
  "Get Users" : {
    "transaction" : "Get Users",
    "sampleCount" : 30,
    "errorCount" : 0,
    "errorPct" : 0.0,
    "meanResTime" : 782.9333333333334,
    "medianResTime" : 784.5,
    "minResTime" : 612.0,
    "maxResTime" : 1074.0,
    "pct1ResTime" : 943.6000000000001,
    "pct2ResTime" : 1017.3499999999999,
    "pct3ResTime" : 1074.0,
    "throughput" : 0.5121726363232834,
    "receivedKBytesPerSec" : 0.3921321746850138,
    "sentKBytesPerSec" : 0.07602562570423738
  }
}