{
  "Delete User" : {
    "transaction" : "Delete User",
    "sampleCount" : 30,
    "errorCount" : 0,
    "errorPct" : 0.0,
    "meanResTime" : 257.23333333333335,
    "medianResTime" : 206.0,
    "minResTime" : 136.0,
    "maxResTime" : 614.0,
    "pct1ResTime" : 464.0000000000001,
    "pct2ResTime" : 567.8,
    "pct3ResTime" : 614.0,
    "throughput" : 0.517268134558684,
    "receivedKBytesPerSec" : 0.1568979322206321,
    "sentKBytesPerSec" : 0.07789330698139559
  },
  "Total" : {
    "transaction" : "Total",
    "sampleCount" : 90,
    "errorCount" : 0,
    "errorPct" : 0.0,
    "meanResTime" : 529.8000000000003,
    "medianResTime" : 320.0,
    "minResTime" : 134.0,
    "maxResTime" : 1698.0,
    "pct1ResTime" : 1240.9,
    "pct2ResTime" : 1456.8,
    "pct3ResTime" : 1698.0,
    "throughput" : 1.52047573996486,
    "receivedKBytesPerSec" : 0.6954988638667388,
    "sentKBytesPerSec" : 0.22787338238275442
  },
  "Get User by ID" : {
    "transaction" : "Get User by ID",
    "sampleCount" : 30,
    "errorCount" : 0,
    "errorPct" : 0.0,
    "meanResTime" : 245.73333333333335,
    "medianResTime" : 204.5,
    "minResTime" : 134.0,
    "maxResTime" : 488.0,
    "pct1ResTime" : 408.9,
    "pct2ResTime" : 451.69999999999993,
    "pct3ResTime" : 488.0,
    "throughput" : 0.517393028991256,
    "receivedKBytesPerSec" : 0.15693581523894937,
    "sentKBytesPerSec" : 0.07791211432661298
  },
  "Get Users" : {
    "transaction" : "Get Users",
    "sampleCount" : 30,
    "errorCount" : 0,
    "errorPct" : 0.0,
    "meanResTime" : 1086.433333333333,
    "medianResTime" : 999.5,
    "minResTime" : 577.0,
    "maxResTime" : 1698.0,
    "pct1ResTime" : 1474.3,
    "pct2ResTime" : 1578.6499999999999,
    "pct3ResTime" : 1698.0,
    "throughput" : 0.5094762584063582,
    "receivedKBytesPerSec" : 0.39006776034236806,
    "sentKBytesPerSec" : 0.0756253821071938
  }
}