{
  "Delete User" : {
    "transaction" : "Delete User",
    "sampleCount" : 30,
    "errorCount" : 0,
    "errorPct" : 0.0,
    "meanResTime" : 191.76666666666668,
    "medianResTime" : 188.0,
    "minResTime" : 127.0,
    "maxResTime" : 335.0,
    "pct1ResTime" : 235.8,
    "pct2ResTime" : 320.7,
    "pct3ResTime" : 335.0,
    "throughput" : 0.5159426271798575,
    "receivedKBytesPerSec" : 0.1564958789082654,
    "sentKBytesPerSec" : 0.07769370421009184
  },
  "Total" : {
    "transaction" : "Total",
    "sampleCount" : 90,
    "errorCount" : 0,
    "errorPct" : 0.0,
    "meanResTime" : 385.1555555555555,
    "medianResTime" : 210.0,
    "minResTime" : 127.0,
    "maxResTime" : 1005.0,
    "pct1ResTime" : 820.9,
    "pct2ResTime" : 911.3000000000001,
    "pct3ResTime" : 1005.0,
    "throughput" : 1.518807904551361,
    "receivedKBytesPerSec" : 0.6947359594647046,
    "sentKBytesPerSec" : 0.22762342423679904
  },
  "Get User by ID" : {
    "transaction" : "Get User by ID",
    "sampleCount" : 30,
    "errorCount" : 0,
    "errorPct" : 0.0,
    "meanResTime" : 199.20000000000002,
    "medianResTime" : 203.5,
    "minResTime" : 132.0,
    "maxResTime" : 307.0,
    "pct1ResTime" : 279.2000000000001,
    "pct2ResTime" : 303.15,
    "pct3ResTime" : 307.0,
    "throughput" : 0.5160491278769739,
    "receivedKBytesPerSec" : 0.15652818273299618,
    "sentKBytesPerSec" : 0.0777097417174115
  },
  "Get Users" : {
    "transaction" : "Get Users",
    "sampleCount" : 30,
    "errorCount" : 0,
    "errorPct" : 0.0,
    "meanResTime" : 764.5000000000001,
    "medianResTime" : 752.5,
    "minResTime" : 586.0,
    "maxResTime" : 1005.0,
    "pct1ResTime" : 930.7,
    "pct2ResTime" : 970.3499999999999,
    "pct3ResTime" : 1005.0,
    "throughput" : 0.5098225817415539,
    "receivedKBytesPerSec" : 0.39033291414587723,
    "sentKBytesPerSec" : 0.0756767894772619
  }
}