{
  "Delete User" : {
    "transaction" : "Delete User",
    "sampleCount" : 30,
    "errorCount" : 0,
    "errorPct" : 0.0,
    "meanResTime" : 204.0,
    "medianResTime" : 197.5,
    "minResTime" : 129.0,
    "maxResTime" : 428.0,
    "pct1ResTime" : 317.6,
    "pct2ResTime" : 413.15,
    "pct3ResTime" : 428.0,
    "throughput" : 0.517651930841702,
    "receivedKBytesPerSec" : 0.15701434542913345,
    "sentKBytesPerSec" : 0.07795110130448286
  },
  "Total" : {
    "transaction" : "Total",
    "sampleCount" : 90,
    "errorCount" : 0,
    "errorPct" : 0.0,
    "meanResTime" : 415.6333333333334,
    "medianResTime" : 214.5,
    "minResTime" : 128.0,
    "maxResTime" : 1841.0,
    "pct1ResTime" : 823.7,
    "pct2ResTime" : 926.5500000000001,
    "pct3ResTime" : 1841.0,
    "throughput" : 1.5215296444692397,
    "receivedKBytesPerSec" : 0.6959809428412029,
    "sentKBytesPerSec" : 0.22803133083126234
  },
  "Get User by ID" : {
    "transaction" : "Get User by ID",
    "sampleCount" : 30,
    "errorCount" : 0,
    "errorPct" : 0.0,
    "meanResTime" : 205.60000000000005,
    "medianResTime" : 201.5,
    "minResTime" : 128.0,
    "maxResTime" : 495.0,
    "pct1ResTime" : 267.9000000000001,
    "pct2ResTime" : 388.29999999999984,
    "pct3ResTime" : 495.0,
    "throughput" : 0.5167602576911152,
    "receivedKBytesPerSec" : 0.15674388285044957,
    "sentKBytesPerSec" : 0.07781682786715816
  },
  "Get Users" : {
    "transaction" : "Get Users",
    "sampleCount" : 30,
    "errorCount" : 0,
    "errorPct" : 0.0,
    "meanResTime" : 837.2999999999998,
    "medianResTime" : 801.0,
    "minResTime" : 641.0,
    "maxResTime" : 1841.0,
    "pct1ResTime" : 964.2,
    "pct2ResTime" : 1448.2999999999995,
    "pct3ResTime" : 1841.0,
    "throughput" : 0.5104558370624969,
    "receivedKBytesPerSec" : 0.3908177502509741,
    "sentKBytesPerSec" : 0.07577078831396437
  }
}