{
  "Delete User" : {
    "transaction" : "Delete User",
    "sampleCount" : 30,
    "errorCount" : 0,
    "errorPct" : 0.0,
    "meanResTime" : 184.4666666666667,
    "medianResTime" : 202.5,
    "minResTime" : 129.0,
    "maxResTime" : 261.0,
    "pct1ResTime" : 225.60000000000002,
    "pct2ResTime" : 241.74999999999997,
    "pct3ResTime" : 261.0,
    "throughput" : 0.5188605821615732,
    "receivedKBytesPerSec" : 0.15738095392518028,
    "sentKBytesPerSec" : 0.07813310719659627
  },
  "Total" : {
    "transaction" : "Total",
    "sampleCount" : 90,
    "errorCount" : 0,
    "errorPct" : 0.0,
    "meanResTime" : 425.27777777777777,
    "medianResTime" : 205.0,
    "minResTime" : 126.0,
    "maxResTime" : 3434.0,
    "pct1ResTime" : 847.4000000000002,
    "pct2ResTime" : 1022.0000000000001,
    "pct3ResTime" : 3434.0,
    "throughput" : 1.5248551387618177,
    "receivedKBytesPerSec" : 0.6975020966758159,
    "sentKBytesPerSec" : 0.22852972196807972
  },
  "Get User by ID" : {
    "transaction" : "Get User by ID",
    "sampleCount" : 30,
    "errorCount" : 0,
    "errorPct" : 0.0,
    "meanResTime" : 182.23333333333332,
    "medianResTime" : 204.0,
    "minResTime" : 126.0,
    "maxResTime" : 233.0,
    "pct1ResTime" : 211.0,
    "pct2ResTime" : 222.0,
    "pct3ResTime" : 233.0,
    "throughput" : 0.5188067444876784,
    "receivedKBytesPerSec" : 0.15736462386511024,
    "sentKBytesPerSec" : 0.078125
  },
  "Get Users" : {
    "transaction" : "Get Users",
    "sampleCount" : 30,
    "errorCount" : 0,
    "errorPct" : 0.0,
    "meanResTime" : 909.1333333333332,
    "medianResTime" : 768.5,
    "minResTime" : 548.0,
    "maxResTime" : 3434.0,
    "pct1ResTime" : 1096.2,
    "pct2ResTime" : 2640.8999999999987,
    "pct3ResTime" : 3434.0,
    "throughput" : 0.5118842459091918,
    "receivedKBytesPerSec" : 0.3919113757742249,
    "sentKBytesPerSec" : 0.07598281775214565
  }
}