{
  "Delete User" : {
    "transaction" : "Delete User",
    "sampleCount" : 30,
    "errorCount" : 0,
    "errorPct" : 0.0,
    "meanResTime" : 110.23333333333333,
    "medianResTime" : 103.0,
    "minResTime" : 100.0,
    "maxResTime" : 197.0,
    "pct1ResTime" : 129.8,
    "pct2ResTime" : 163.99999999999994,
    "pct3ResTime" : 197.0,
    "throughput" : 0.508931752252023,
    "receivedKBytesPerSec" : 0.15436933813425618,
    "sentKBytesPerSec" : 0.07663796503638862
  },
  "Total" : {
    "transaction" : "Total",
    "sampleCount" : 90,
    "errorCount" : 0,
    "errorPct" : 0.0,
    "meanResTime" : 235.53333333333336,
    "medianResTime" : 105.0,
    "minResTime" : 100.0,
    "maxResTime" : 1408.0,
    "pct1ResTime" : 471.70000000000005,
    "pct2ResTime" : 535.9000000000001,
    "pct3ResTime" : 1408.0,
    "throughput" : 1.5097124836447815,
    "receivedKBytesPerSec" : 0.6905755149797028,
    "sentKBytesPerSec" : 0.22626029540040932
  },
  "Get User by ID" : {
    "transaction" : "Get User by ID",
    "sampleCount" : 30,
    "errorCount" : 0,
    "errorPct" : 0.0,
    "meanResTime" : 103.06666666666666,
    "medianResTime" : 103.0,
    "minResTime" : 100.0,
    "maxResTime" : 110.0,
    "pct1ResTime" : 106.9,
    "pct2ResTime" : 109.45,
    "pct3ResTime" : 110.0,
    "throughput" : 0.508931752252023,
    "receivedKBytesPerSec" : 0.15436933813425618,
    "sentKBytesPerSec" : 0.07663796503638862
  },
  "Get Users" : {
    "transaction" : "Get Users",
    "sampleCount" : 30,
    "errorCount" : 0,
    "errorPct" : 0.0,
    "meanResTime" : 493.2999999999999,
    "medianResTime" : 441.5,
    "minResTime" : 411.0,
    "maxResTime" : 1408.0,
    "pct1ResTime" : 563.3000000000001,
    "pct2ResTime" : 1047.7499999999995,
    "pct3ResTime" : 1408.0,
    "throughput" : 0.5049739938393173,
    "receivedKBytesPerSec" : 0.3866207140332273,
    "sentKBytesPerSec" : 0.07495707721052366
  }
}