{
  "Delete Users" : {
    "transaction" : "Delete Users",
    "sampleCount" : 30,
    "errorCount" : 0,
    "errorPct" : 0.0,
    "meanResTime" : 186.83333333333331,
    "medianResTime" : 203.0,
    "minResTime" : 128.0,
    "maxResTime" : 239.0,
    "pct1ResTime" : 209.9,
    "pct2ResTime" : 237.9,
    "pct3ResTime" : 239.0,
    "throughput" : 0.5151629632173643,
    "receivedKBytesPerSec" : 0.15625939099151698,
    "sentKBytesPerSec" : 0.07757629778136484
  },
  "Total" : {
    "transaction" : "Total",
    "sampleCount" : 90,
    "errorCount" : 0,
    "errorPct" : 0.0,
    "meanResTime" : 386.40000000000003,
    "medianResTime" : 206.0,
    "minResTime" : 127.0,
    "maxResTime" : 1043.0,
    "pct1ResTime" : 805.3000000000001,
    "pct2ResTime" : 865.2500000000002,
    "pct3ResTime" : 1043.0,
    "throughput" : 1.5224047228377624,
    "receivedKBytesPerSec" : 0.6963812228293046,
    "sentKBytesPerSec" : 0.22816247864404487
  },
  "Get User by ID" : {
    "transaction" : "Get User by ID",
    "sampleCount" : 30,
    "errorCount" : 0,
    "errorPct" : 0.0,
    "meanResTime" : 198.93333333333328,
    "medianResTime" : 204.0,
    "minResTime" : 127.0,
    "maxResTime" : 307.0,
    "pct1ResTime" : 272.70000000000005,
    "pct2ResTime" : 300.4,
    "pct3ResTime" : 307.0,
    "throughput" : 0.5158095631093,
    "receivedKBytesPerSec" : 0.15645551787280135,
    "sentKBytesPerSec" : 0.07767366663227936
  },
  "Get Users" : {
    "transaction" : "Get Users",
    "sampleCount" : 30,
    "errorCount" : 0,
    "errorPct" : 0.0,
    "meanResTime" : 773.4333333333334,
    "medianResTime" : 765.5,
    "minResTime" : 554.0,
    "maxResTime" : 1043.0,
    "pct1ResTime" : 910.9,
    "pct2ResTime" : 1017.15,
    "pct3ResTime" : 1043.0,
    "throughput" : 0.5103429504627109,
    "receivedKBytesPerSec" : 0.3907313214480131,
    "sentKBytesPerSec" : 0.07575403170930865
  }
}