{
  "Post Books" : {
    "transaction" : "Post Books",
    "sampleCount" : 30,
    "errorCount" : 0,
    "errorPct" : 0.0,
    "meanResTime" : 710.9333333333334,
    "medianResTime" : 540.0,
    "minResTime" : 234.0,
    "maxResTime" : 2866.0,
    "pct1ResTime" : 1166.1000000000001,
    "pct2ResTime" : 1984.349999999999,
    "pct3ResTime" : 2866.0,
    "throughput" : 0.23682091602330319,
    "receivedKBytesPerSec" : 0.09320198159901483,
    "sentKBytesPerSec" : 0.08399741865201535
  },
  "Post Users" : {
    "transaction" : "Post Users",
    "sampleCount" : 30,
    "errorCount" : 0,
    "errorPct" : 0.0,
    "meanResTime" : 782.4000000000001,
    "medianResTime" : 538.0,
    "minResTime" : 217.0,
    "maxResTime" : 2916.0,
    "pct1ResTime" : 2201.7000000000025,
    "pct2ResTime" : 2768.0499999999997,
    "pct3ResTime" : 2916.0,
    "throughput" : 0.23811791599199925,
    "receivedKBytesPerSec" : 0.09371242201638251,
    "sentKBytesPerSec" : 0.0647383084103248
  },
  "Delete book" : {
    "transaction" : "Delete book",
    "sampleCount" : 30,
    "errorCount" : 0,
    "errorPct" : 0.0,
    "meanResTime" : 865.6666666666665,
    "medianResTime" : 570.0,
    "minResTime" : 203.0,
    "maxResTime" : 4075.0,
    "pct1ResTime" : 2000.1000000000001,
    "pct2ResTime" : 3050.8999999999987,
    "pct3ResTime" : 4075.0,
    "throughput" : 0.2373661848133115,
    "receivedKBytesPerSec" : 0.04891041503477415,
    "sentKBytesPerSec" : 0.050146697247343476
  },
  "Get Books" : {
    "transaction" : "Get Books",
    "sampleCount" : 30,
    "errorCount" : 0,
    "errorPct" : 0.0,
    "meanResTime" : 60695.06666666666,
    "medianResTime" : 70281.5,
    "minResTime" : 4401.0,
    "maxResTime" : 94081.0,
    "pct1ResTime" : 82743.90000000001,
    "pct2ResTime" : 88169.59999999999,
    "pct3ResTime" : 94081.0,
    "throughput" : 0.2289621907102407,
    "receivedKBytesPerSec" : 206.01684762232304,
    "sentKBytesPerSec" : 0.04293041075817013
  },
  "Delete User" : {
    "transaction" : "Delete User",
    "sampleCount" : 30,
    "errorCount" : 0,
    "errorPct" : 0.0,
    "meanResTime" : 1241.266666666667,
    "medianResTime" : 1181.5,
    "minResTime" : 446.0,
    "maxResTime" : 2744.0,
    "pct1ResTime" : 2013.2000000000003,
    "pct2ResTime" : 2486.5999999999995,
    "pct3ResTime" : 2744.0,
    "throughput" : 0.23793283949050648,
    "receivedKBytesPerSec" : 0.049027176887203976,
    "sentKBytesPerSec" : 0.050266410426217024
  },
  "Total" : {
    "transaction" : "Total",
    "sampleCount" : 300,
    "errorCount" : 0,
    "errorPct" : 0.0,
    "meanResTime" : 6944.226666666664,
    "medianResTime" : 753.0,
    "minResTime" : 203.0,
    "maxResTime" : 94081.0,
    "pct1ResTime" : 5577.300000000011,
    "pct2ResTime" : 70377.34999999999,
    "pct3ResTime" : 83046.39000000003,
    "throughput" : 2.2404110407456086,
    "receivedKBytesPerSec" : 203.29299436303248,
    "sentKBytesPerSec" : 0.5446124182249971
  },
  "Get User by Id" : {
    "transaction" : "Get User by Id",
    "sampleCount" : 30,
    "errorCount" : 0,
    "errorPct" : 0.0,
    "meanResTime" : 588.1,
    "medianResTime" : 496.5,
    "minResTime" : 216.0,
    "maxResTime" : 1216.0,
    "pct1ResTime" : 1018.9000000000001,
    "pct2ResTime" : 1192.35,
    "pct3ResTime" : 1216.0,
    "throughput" : 0.2385856641827248,
    "receivedKBytesPerSec" : 0.10787613527011873,
    "sentKBytesPerSec" : 0.04527846426384393
  },
  "Put books" : {
    "transaction" : "Put books",
    "sampleCount" : 30,
    "errorCount" : 0,
    "errorPct" : 0.0,
    "meanResTime" : 750.0666666666665,
    "medianResTime" : 519.5,
    "minResTime" : 214.0,
    "maxResTime" : 4118.0,
    "pct1ResTime" : 1119.7000000000003,
    "pct2ResTime" : 3058.699999999999,
    "pct3ResTime" : 4118.0,
    "throughput" : 0.23766517729822226,
    "receivedKBytesPerSec" : 0.09353424458123397,
    "sentKBytesPerSec" : 0.08414213763982635
  },
  "Put Users" : {
    "transaction" : "Put Users",
    "sampleCount" : 30,
    "errorCount" : 0,
    "errorPct" : 0.0,
    "meanResTime" : 549.4333333333332,
    "medianResTime" : 426.5,
    "minResTime" : 207.0,
    "maxResTime" : 1189.0,
    "pct1ResTime" : 1013.0000000000001,
    "pct2ResTime" : 1182.4,
    "pct3ResTime" : 1189.0,
    "throughput" : 0.23897908136441123,
    "receivedKBytesPerSec" : 0.09405133768540794,
    "sentKBytesPerSec" : 0.06528360842480921
  },
  "Get Users" : {
    "transaction" : "Get Users",
    "sampleCount" : 30,
    "errorCount" : 0,
    "errorPct" : 0.0,
    "meanResTime" : 669.9333333333333,
    "medianResTime" : 497.0,
    "minResTime" : 209.0,
    "maxResTime" : 4590.0,
    "pct1ResTime" : 863.2,
    "pct2ResTime" : 2594.5999999999976,
    "pct3ResTime" : 4590.0,
    "throughput" : 0.2377235591971283,
    "receivedKBytesPerSec" : 0.28136811889347607,
    "sentKBytesPerSec" : 0.044573167349461554
  },
  "Get Book by ID" : {
    "transaction" : "Get Book by ID",
    "sampleCount" : 30,
    "errorCount" : 0,
    "errorPct" : 0.0,
    "meanResTime" : 2589.4000000000005,
    "medianResTime" : 2126.5,
    "minResTime" : 318.0,
    "maxResTime" : 9995.0,
    "pct1ResTime" : 5577.300000000001,
    "pct2ResTime" : 9078.15,
    "pct3ResTime" : 9995.0,
    "throughput" : 0.23651471909935196,
    "receivedKBytesPerSec" : 0.9422709453493322,
    "sentKBytesPerSec" : 0.04488544311032623
  }
}